id;name;description;created_at;updated_at
1;XSS;payment;2023-02-22T14:26:42;2023-02-22T05:52:47
2;pink Music;bleeding-edge programming;2023-02-22T07:11:40;2023-02-22T07:35:48
3;Kansas XML Point;compress Practical;2023-02-22T11:13:29;2023-02-22T17:33:06
4;turn-key open-source Missouri;black;2023-02-22T13:52:06;2023-02-22T01:15:38
5;Intuitive Chicken;Officer mission-critical heuristic;2023-02-22T07:02:12;2023-02-22T04:54:43
6;Borders;Arizona card wireless;2023-02-22T17:00:03;2023-02-21T21:14:28
7;even-keeled Granite Account;Concrete;2023-02-21T20:13:12;2023-02-21T20:28:55
8;background Ergonomic;Producer Chief AGP;2023-02-22T17:51:38;2023-02-22T02:58:57
9;up;Michigan;2023-02-21T21:29:27;2023-02-22T04:08:18
10;Coves;Steel Inverse;2023-02-22T10:41:46;2023-02-22T12:58:19
