id;title;description;created_at;updated_at
1;Gorgeous architect Florida;Alabama Account;2023-02-22T14:04:47;2023-02-21T20:08:03
2;Salad TCP Valley;El Corporate Uzbekistan;2023-02-21T23:58:51;2023-02-22T05:49:05
3;sexy hybrid invoice;Awesome;2023-02-22T15:30:07;2023-02-21T22:44:35
4;Account;IB;2023-02-21T22:55:54;2023-02-22T11:35:19
5;PCI invoice;Account RSS;2023-02-22T03:34:44;2023-02-22T03:32:09
6;Rustic Intelligent Granite;evolve hack Somoni;2023-02-21T18:54:07;2023-02-22T03:52:41
7;silver;hack Home;2023-02-22T07:57:39;2023-02-21T18:50:56
8;Account Belize strategy;invoice Principal Granite;2023-02-21T18:35:19;2023-02-21T20:17:18
9;Guam Cambridgeshire niches;IB transmit state;2023-02-22T07:02:01;2023-02-21T21:58:06
10;withdrawal;Representative Cross-platform;2023-02-22T01:04:20;2023-02-22T05:31:35
